stage,column,row_count,null_count,null_percentage,distinct_count
silver_combined,month,988462,0,0.0,442
silver_combined,town,988462,0,0.0,27
silver_combined,flat_type,988462,0,0.0,8
silver_combined,block,988462,0,0.0,2790
silver_combined,street_name,988462,0,0.0,597
silver_combined,storey_range,988462,0,0.0,25
silver_combined,floor_area_sqm,988462,0,0.0,392
silver_combined,flat_model,988462,0,0.0,34
silver_combined,lease_commence_date,988462,0,0.0,58
silver_combined,resale_price,988462,0,0.0,10355
silver_combined,source_file,988462,0,0.0,5
silver_cleaned,month,104783,0,0.0,69
silver_cleaned,town,104783,0,0.0,26
silver_cleaned,flat_type,104783,0,0.0,7
silver_cleaned,block,104783,0,0.0,2170
silver_cleaned,street_name,104783,0,0.0,522
silver_cleaned,storey_range,104783,0,0.0,12
silver_cleaned,floor_area_sqm,104783,0,0.0,167
silver_cleaned,flat_model,104783,0,0.0,13
silver_cleaned,lease_commence_date,104783,0,0.0,50
silver_cleaned,resale_price,104783,0,0.0,2707
silver_cleaned,source_file,104783,0,0.0,4
silver_cleaned,remaining_lease_years,104783,0,0.0,50
silver_cleaned,remaining_lease_months,104783,0,0.0,1
silver_cleaned,remaining_lease_text,104783,0,0.0,50
silver_cleaned,resale_price_num,104783,0,0.0,2707
silver_cleaned,year,104783,0,0.0,6
silver_cleaned,resale_price_per_sqm,104783,0,0.0,19057
silver_cleaned,anomaly_reasons,104783,0,0.0,6
silver_cleaned,is_anomaly,104783,0,0.0,2
silver_quarantined,month,883679,0,0.0,439
silver_quarantined,town,883679,0,0.0,27
silver_quarantined,flat_type,883679,0,0.0,8
silver_quarantined,block,883679,0,0.0,2790
silver_quarantined,street_name,883679,0,0.0,597
silver_quarantined,storey_range,883679,0,0.0,25
silver_quarantined,floor_area_sqm,883679,0,0.0,391
silver_quarantined,flat_model,883679,0,0.0,34
silver_quarantined,lease_commence_date,883679,0,0.0,58
silver_quarantined,resale_price,883679,0,0.0,9836
silver_quarantined,source_file,883679,0,0.0,5
silver_quarantined,reject_reason,883679,0,0.0,18
gold_transformed_identified,month,104783,0,0.0,69
gold_transformed_identified,town,104783,0,0.0,26
gold_transformed_identified,flat_type,104783,0,0.0,7
gold_transformed_identified,block,104783,0,0.0,2170
gold_transformed_identified,street_name,104783,0,0.0,522
gold_transformed_identified,storey_range,104783,0,0.0,12
gold_transformed_identified,floor_area_sqm,104783,0,0.0,167
gold_transformed_identified,flat_model,104783,0,0.0,13
gold_transformed_identified,lease_commence_date,104783,0,0.0,50
gold_transformed_identified,resale_price,104783,0,0.0,2707
gold_transformed_identified,source_file,104783,0,0.0,4
gold_transformed_identified,remaining_lease_years,104783,0,0.0,50
gold_transformed_identified,remaining_lease_months,104783,0,0.0,1
gold_transformed_identified,remaining_lease_text,104783,0,0.0,50
gold_transformed_identified,resale_price_num,104783,0,0.0,2707
gold_transformed_identified,year,104783,0,0.0,6
gold_transformed_identified,resale_price_per_sqm,104783,0,0.0,19057
gold_transformed_identified,anomaly_reasons,104783,0,0.0,6
gold_transformed_identified,is_anomaly,104783,0,0.0,2
gold_transformed_identified,resale_identifier,104783,0,0.0,104783
gold_hashed,month,104783,0,0.0,69
gold_hashed,town,104783,0,0.0,26
gold_hashed,flat_type,104783,0,0.0,7
gold_hashed,block,104783,0,0.0,2170
gold_hashed,street_name,104783,0,0.0,522
gold_hashed,storey_range,104783,0,0.0,12
gold_hashed,floor_area_sqm,104783,0,0.0,167
gold_hashed,flat_model,104783,0,0.0,13
gold_hashed,lease_commence_date,104783,0,0.0,50
gold_hashed,resale_price,104783,0,0.0,2707
gold_hashed,source_file,104783,0,0.0,4
gold_hashed,remaining_lease_years,104783,0,0.0,50
gold_hashed,remaining_lease_months,104783,0,0.0,1
gold_hashed,remaining_lease_text,104783,0,0.0,50
gold_hashed,resale_price_num,104783,0,0.0,2707
gold_hashed,year,104783,0,0.0,6
gold_hashed,resale_price_per_sqm,104783,0,0.0,19057
gold_hashed,anomaly_reasons,104783,0,0.0,6
gold_hashed,is_anomaly,104783,0,0.0,2
gold_hashed,resale_identifier_hashed,104783,0,0.0,104783
